state_range,reward
0-50,4.725604832156389
50-100,9.691272671813294
100-150,9.707253304977183
150-200,8.713998993279779
200-250,7.05354761080707
250-300,5.83427718703247
300-350,3.518838569917387
350-400,0.363188561264167
