state_range,reward
0-50,3.0336804259924026
50-100,9.748986207171779
100-150,6.132197520548542
150-200,4.838265210166567
200-250,2.2230457759034756
250-300,0.2443401071525065
300-350,1e-05
