state_range,reward
0-50,3.738608359775755
50-100,9.889698219890755
100-150,9.440414365663116
150-200,7.85630723938844
200-250,6.015878299005999
250-300,5.059938594723314
300-350,2.6964580319452764
350-400,0.9790607251477363
400-450,1e-05
