state_range,reward
0-50,18.01990390361783
50-100,22.441062892860966
100-150,22.49316184903764
150-200,20.717946162116323
200-250,18.99253944370036
250-300,17.804618139625436
300-350,13.331193421535394
